{
  "feature_order": [
    "punctuality",
    "gpa",
    "technical",
    "mood",
    "chemistry",
    "luck"
  ],
  "scaler": {
    "min_": [
      0.0,
      -0.25,
      -0.25,
      -0.25,
      -0.25,
      -0.25
    ],
    "scale_": [
      1.0,
      0.25,
      0.25,
      0.25,
      0.25,
      0.25
    ],
    "data_min:": [
      0.0,
      1.0,
      1.0,
      1.0,
      1.0,
      1.0
    ],
    "data_max_": [
      1.0,
      5.0,
      5.0,
      5.0,
      5.0,
      5.0
    ],
    "feature_range": [
      0.0,
      1.0
    ]
  },
  "logreg": {
    "intercept": -9.549490232713033,
    "coef": [
      1.6456284091414244,
      3.789502154982628,
      4.378967439045584,
      2.260827145048132,
      2.164821949331422,
      1.0263326000007533
    ]
  },
  "meta": {
    "model": "LogisticRegression",
    "target": "job_offer"
  }
}